{"cameraMode":{"drawMode":0,"name":"Shaded","section":"Shading Mode"},"sceneLighting":true,"audioPlay":false,"sceneViewState":{"showFog":false,"showMaterialUpdate":false,"showSkybox":false,"showFlares":false,"showImageEffects":false,"showParticleSystems":false},"in2DMode":false,"pivot":{"x":22.363061904907228,"y":-4.60687255859375,"z":42.930206298828128},"rotation":{"x":0.313638299703598,"y":0.0654451996088028,"z":-0.021673815324902536,"w":0.947037935256958},"size":2241.287109375,"orthographic":false}