{"cameraMode":{"drawMode":0,"name":"Shaded","section":"Shading Mode"},"sceneLighting":false,"audioPlay":false,"sceneViewState":{"showFog":false,"showMaterialUpdate":false,"showSkybox":false,"showFlares":false,"showImageEffects":false,"showParticleSystems":false},"in2DMode":false,"pivot":{"x":-0.22614991664886475,"y":1.2564345598220826,"z":-0.5417635440826416},"rotation":{"x":-0.061398886144161227,"y":0.9384980797767639,"z":-0.23296096920967103,"w":-0.2473500519990921},"size":2.841478109359741,"orthographic":false}