{"cameraMode":{"drawMode":0,"name":"Shaded","section":"Shading Mode"},"sceneLighting":false,"audioPlay":false,"sceneViewState":{"showFog":false,"showMaterialUpdate":false,"showSkybox":false,"showFlares":false,"showImageEffects":false,"showParticleSystems":false},"in2DMode":false,"pivot":{"x":-0.23070263862609864,"y":0.7118761539459229,"z":0.7765304446220398},"rotation":{"x":0.1435982882976532,"y":-0.6786779761314392,"z":0.13785581290721894,"w":0.7069464921951294},"size":2.7758896350860597,"orthographic":false}