{"cameraMode":{"drawMode":0,"name":"Shaded","section":"Shading Mode"},"sceneLighting":false,"audioPlay":false,"sceneViewState":{"showFog":false,"showMaterialUpdate":false,"showSkybox":false,"showFlares":false,"showImageEffects":false,"showParticleSystems":false},"in2DMode":false,"pivot":{"x":-0.05698612332344055,"y":0.8508263826370239,"z":-0.04631304740905762},"rotation":{"x":0.014167782850563527,"y":-0.9726431369781494,"z":0.223533496260643,"w":0.061647240072488788},"size":3.6295266151428224,"orthographic":false}