{"cameraMode":{"drawMode":0,"name":"Shaded","section":"Shading Mode"},"sceneLighting":true,"audioPlay":false,"sceneViewState":{"showFog":false,"showMaterialUpdate":false,"showSkybox":false,"showFlares":false,"showImageEffects":false,"showParticleSystems":false},"in2DMode":false,"pivot":{"x":-6.685301780700684,"y":0.7030248641967773,"z":-3.250337600708008},"rotation":{"x":0.046924345195293429,"y":0.9494537115097046,"z":-0.17277151346206666,"w":0.25786566734313967},"size":17.856121063232423,"orthographic":false}