{"cameraMode":{"drawMode":0,"name":"Shaded","section":"Shading Mode"},"sceneLighting":false,"audioPlay":false,"sceneViewState":{"showFog":false,"showMaterialUpdate":false,"showSkybox":false,"showFlares":false,"showImageEffects":false,"showParticleSystems":false},"in2DMode":false,"pivot":{"x":0.01424953993409872,"y":-0.0017023682594299317,"z":0.6702626347541809},"rotation":{"x":0.5084168910980225,"y":-0.011624784208834172,"z":0.006863999180495739,"w":0.8610062003135681},"size":2.9484949111938478,"orthographic":false}